{"average reward of A": 33.05758, "reward of A": 2, "average reward of A`": 33.07294, "reward of A`": 82, "loss of A": -0.019997505471110344, "_timestamp": 1656868311, "_runtime": 14200, "_step": 99999, "_wandb": {"runtime": 14198}}