{"average reward of A": 21.68271, "reward of A": 31, "average reward of A`": 21.67367, "reward of A`": 23, "loss of A": 0.03355012461543083, "_timestamp": 1656922841, "_runtime": 15383, "_step": 99999, "_wandb": {"runtime": 15381}}