{"average reward of A": 4.719145569620253, "reward of A": 8, "average reward of A`": 4.626740506329114, "reward of A`": 8, "loss of A": -0.20115268230438232, "_timestamp": 1656850462, "_runtime": 879, "_step": 6319, "_wandb": {"runtime": 877}}