{"average reward of A": -5.680515759312321, "reward of A": -12, "average reward of A`": -5.680515759312321, "reward of A`": -12, "loss of A": 0.04483528062701225, "_timestamp": 1656850593, "_runtime": 108, "_step": 697, "_wandb": {"runtime": 106}}