{"average reward of A": 23.658298465829848, "reward of A": 31, "average reward of A`": 23.309623430962343, "reward of A`": 11, "loss of A": -0.2608138620853424, "_timestamp": 1656847872, "_runtime": 1202, "_step": 8603, "_wandb": {"runtime": 1200}}